{"epoch": 7, "train_loss": 0.23314955408843058, "val_loss": 0.28070088369505747, "train_r2": 0.38925823284334804, "val_r2": -3.723001069798137, "_timestamp": 1710293415.6742964, "_runtime": 52.63614845275879, "_step": 7}