{"epoch": 999, "train_loss": 0.0038988783131711758, "val_loss": 0.004066713340580464, "train_r2": 0.9828395870475848, "val_r2": 0.995455778640554, "_timestamp": 1709203684.021242, "_runtime": 15515.207655906677, "_step": 999, "_wandb": {"runtime": 15516}}